property_type,listing_type,price,area_sqft,bhk,bedrooms,floor,total_floors,property_age_years,furnishing,parking,city,amenities,title,description
house,sale,33521000.0,3492,3,3,6,15,18,unfurnished,2,Jayanagar,power backup|clubhouse|gym,3 BHK House for Sale in Jayanagar,"Beautiful 3 BHK house for sale in Jayanagar, Bangalore. Area: 3492 sqft. Unfurnished. Floor 6/15. Age: 18 yrs. Amenities: power backup, clubhouse, gym."
apartment,rent,55000.0,3785,3,3,5,17,11,furnished,0,Electronic City,gym|clubhouse|lift,3 BHK Apartment for Rent in Electronic City,"Beautiful 3 BHK apartment for rent in Electronic City, Bangalore. Area: 3785 sqft. Furnished. Floor 5/17. Age: 11 yrs. Amenities: gym, clubhouse, lift."
apartment,rent,80000.0,3956,2,2,2,8,20,furnished,2,Vijayanagar,parking|clubhouse,2 BHK Apartment for Rent in Vijayanagar,"Beautiful 2 BHK apartment for rent in Vijayanagar, Bangalore. Area: 3956 sqft. Furnished. Floor 2/8. Age: 20 yrs. Amenities: parking, clubhouse."
apartment,sale,8110000.0,1175,3,3,14,16,13,furnished,1,Hennur,parking|gym|garden|security,3 BHK Apartment for Sale in Hennur,"Beautiful 3 BHK apartment for sale in Hennur, Bangalore. Area: 1175 sqft. Furnished. Floor 14/16. Age: 13 yrs. Amenities: parking, gym, garden, security."
plot,rent,16000.0,1215,3,3,14,19,22,furnished,1,Sarjapur Road,parking|gym|clubhouse|security|power backup,3 BHK Plot for Rent in Sarjapur Road,"Beautiful 3 BHK plot for rent in Sarjapur Road, Bangalore. Area: 1215 sqft. Furnished. Floor 14/19. Age: 22 yrs. Amenities: parking, gym, clubhouse, security, power backup."
apartment,rent,54000.0,2968,1,1,7,7,11,unfurnished,2,Bellandur,security|swimming pool|garden,1 BHK Apartment for Rent in Bellandur,"Beautiful 1 BHK apartment for rent in Bellandur, Bangalore. Area: 2968 sqft. Unfurnished. Floor 7/7. Age: 11 yrs. Amenities: security, swimming pool, garden."
plot,rent,69000.0,3504,2,2,6,12,23,furnished,2,Hebbal,swimming pool|security|garden|gym,2 BHK Plot for Rent in Hebbal,"Beautiful 2 BHK plot for rent in Hebbal, Bangalore. Area: 3504 sqft. Furnished. Floor 6/12. Age: 23 yrs. Amenities: swimming pool, security, garden, gym."
house,sale,13310000.0,1270,3,3,10,18,14,unfurnished,1,Indiranagar,clubhouse|swimming pool,3 BHK House for Sale in Indiranagar,"Beautiful 3 BHK house for sale in Indiranagar, Bangalore. Area: 1270 sqft. Unfurnished. Floor 10/18. Age: 14 yrs. Amenities: clubhouse, swimming pool."
apartment,sale,8596000.0,1459,3,3,12,19,6,unfurnished,2,Marathahalli,security|parking|power backup|clubhouse,3 BHK Apartment for Sale in Marathahalli,"Beautiful 3 BHK apartment for sale in Marathahalli, Bangalore. Area: 1459 sqft. Unfurnished. Floor 12/19. Age: 6 yrs. Amenities: security, parking, power backup, clubhouse."
apartment,rent,41000.0,2438,2,2,11,19,6,semi-furnished,0,Sarjapur Road,swimming pool,2 BHK Apartment for Rent in Sarjapur Road,"Beautiful 2 BHK apartment for rent in Sarjapur Road, Bangalore. Area: 2438 sqft. Semi-Furnished. Floor 11/19. Age: 6 yrs. Amenities: swimming pool."
apartment,sale,7450000.0,1657,2,2,11,18,14,unfurnished,1,Electronic City,parking,2 BHK Apartment for Sale in Electronic City,"Beautiful 2 BHK apartment for sale in Electronic City, Bangalore. Area: 1657 sqft. Unfurnished. Floor 11/18. Age: 14 yrs. Amenities: parking."
apartment,rent,11000.0,401,2,2,1,5,0,furnished,2,Basavanagudi,gym|clubhouse,2 BHK Apartment for Rent in Basavanagudi,"Beautiful 2 BHK apartment for rent in Basavanagudi, Bangalore. Area: 401 sqft. Furnished. Floor 1/5. Age: 0 yrs. Amenities: gym, clubhouse."
apartment,sale,10523000.0,2330,3,3,14,14,8,unfurnished,1,Electronic City,gym|swimming pool|garden|clubhouse|lift,3 BHK Apartment for Sale in Electronic City,"Beautiful 3 BHK apartment for sale in Electronic City, Bangalore. Area: 2330 sqft. Unfurnished. Floor 14/14. Age: 8 yrs. Amenities: gym, swimming pool, garden, clubhouse, lift."
apartment,sale,16393000.0,2359,4,4,6,7,7,furnished,2,Vijayanagar,power backup|garden|security|parking,4 BHK Apartment for Sale in Vijayanagar,"Beautiful 4 BHK apartment for sale in Vijayanagar, Bangalore. Area: 2359 sqft. Furnished. Floor 6/7. Age: 7 yrs. Amenities: power backup, garden, security, parking."
apartment,sale,18026000.0,1727,2,2,13,16,4,furnished,2,Rajajinagar,lift,2 BHK Apartment for Sale in Rajajinagar,"Beautiful 2 BHK apartment for sale in Rajajinagar, Bangalore. Area: 1727 sqft. Furnished. Floor 13/16. Age: 4 yrs. Amenities: lift."
apartment,sale,3712000.0,653,3,3,2,17,24,unfurnished,0,Hennur,gym|security|parking|garden|power backup,3 BHK Apartment for Sale in Hennur,"Beautiful 3 BHK apartment for sale in Hennur, Bangalore. Area: 653 sqft. Unfurnished. Floor 2/17. Age: 24 yrs. Amenities: gym, security, parking, garden, power backup."
villa,sale,24344000.0,1927,2,2,7,13,2,furnished,0,HSR Layout,gym|security|swimming pool|power backup,2 BHK Villa for Sale in HSR Layout,"Beautiful 2 BHK villa for sale in HSR Layout, Bangalore. Area: 1927 sqft. Furnished. Floor 7/13. Age: 2 yrs. Amenities: gym, security, swimming pool, power backup."
apartment,sale,18305000.0,1904,3,3,4,15,15,unfurnished,2,Koramangala,parking,3 BHK Apartment for Sale in Koramangala,"Beautiful 3 BHK apartment for sale in Koramangala, Bangalore. Area: 1904 sqft. Unfurnished. Floor 4/15. Age: 15 yrs. Amenities: parking."
villa,rent,32000.0,701,2,2,4,18,2,furnished,2,Indiranagar,lift|clubhouse|swimming pool|security|parking,2 BHK Villa for Rent in Indiranagar,"Beautiful 2 BHK villa for rent in Indiranagar, Bangalore. Area: 701 sqft. Furnished. Floor 4/18. Age: 2 yrs. Amenities: lift, clubhouse, swimming pool, security, parking."
apartment,sale,34094000.0,3301,3,3,6,7,9,semi-furnished,1,Indiranagar,security,3 BHK Apartment for Sale in Indiranagar,"Beautiful 3 BHK apartment for sale in Indiranagar, Bangalore. Area: 3301 sqft. Semi-Furnished. Floor 6/7. Age: 9 yrs. Amenities: security."
apartment,sale,34892000.0,3350,1,1,8,11,12,furnished,1,Indiranagar,clubhouse|gym|lift|garden,1 BHK Apartment for Sale in Indiranagar,"Beautiful 1 BHK apartment for sale in Indiranagar, Bangalore. Area: 3350 sqft. Furnished. Floor 8/11. Age: 12 yrs. Amenities: clubhouse, gym, lift, garden."
apartment,rent,86000.0,2891,2,2,4,4,7,furnished,0,Basavanagudi,lift|swimming pool|gym|power backup,2 BHK Apartment for Rent in Basavanagudi,"Beautiful 2 BHK apartment for rent in Basavanagudi, Bangalore. Area: 2891 sqft. Furnished. Floor 4/4. Age: 7 yrs. Amenities: lift, swimming pool, gym, power backup."
house,sale,15373000.0,2374,2,2,9,13,20,semi-furnished,2,Vijayanagar,lift,2 BHK House for Sale in Vijayanagar,"Beautiful 2 BHK house for sale in Vijayanagar, Bangalore. Area: 2374 sqft. Semi-Furnished. Floor 9/13. Age: 20 yrs. Amenities: lift."
apartment,rent,40000.0,1612,3,3,6,10,21,furnished,2,Rajajinagar,lift|clubhouse|gym,3 BHK Apartment for Rent in Rajajinagar,"Beautiful 3 BHK apartment for rent in Rajajinagar, Bangalore. Area: 1612 sqft. Furnished. Floor 6/10. Age: 21 yrs. Amenities: lift, clubhouse, gym."
apartment,sale,5412000.0,852,4,4,11,15,6,furnished,1,Marathahalli,gym|parking|clubhouse|security|garden,4 BHK Apartment for Sale in Marathahalli,"Beautiful 4 BHK apartment for sale in Marathahalli, Bangalore. Area: 852 sqft. Furnished. Floor 11/15. Age: 6 yrs. Amenities: gym, parking, clubhouse, security, garden."
apartment,rent,23000.0,915,3,3,7,13,1,furnished,2,Vijayanagar,clubhouse|garden|gym|power backup,3 BHK Apartment for Rent in Vijayanagar,"Beautiful 3 BHK apartment for rent in Vijayanagar, Bangalore. Area: 915 sqft. Furnished. Floor 7/13. Age: 1 yrs. Amenities: clubhouse, garden, gym, power backup."
plot,sale,4763000.0,1466,4,4,11,12,18,semi-furnished,2,Yelahanka,gym,4 BHK Plot for Sale in Yelahanka,"Beautiful 4 BHK plot for sale in Yelahanka, Bangalore. Area: 1466 sqft. Semi-Furnished. Floor 11/12. Age: 18 yrs. Amenities: gym."
apartment,sale,9553000.0,812,3,3,7,10,24,furnished,0,Jayanagar,power backup,3 BHK Apartment for Sale in Jayanagar,"Beautiful 3 BHK apartment for sale in Jayanagar, Bangalore. Area: 812 sqft. Furnished. Floor 7/10. Age: 24 yrs. Amenities: power backup."
apartment,rent,92000.0,3661,2,2,4,15,16,unfurnished,0,HSR Layout,security,2 BHK Apartment for Rent in HSR Layout,"Beautiful 2 BHK apartment for rent in HSR Layout, Bangalore. Area: 3661 sqft. Unfurnished. Floor 4/15. Age: 16 yrs. Amenities: security."
house,sale,24543000.0,3704,1,1,2,13,8,unfurnished,1,Bellandur,security|power backup|gym|lift,1 BHK House for Sale in Bellandur,"Beautiful 1 BHK house for sale in Bellandur, Bangalore. Area: 3704 sqft. Unfurnished. Floor 2/13. Age: 8 yrs. Amenities: security, power backup, gym, lift."
plot,rent,21000.0,1465,1,1,9,15,13,unfurnished,1,HSR Layout,security|gym|swimming pool|clubhouse|lift,1 BHK Plot for Rent in HSR Layout,"Beautiful 1 BHK plot for rent in HSR Layout, Bangalore. Area: 1465 sqft. Unfurnished. Floor 9/15. Age: 13 yrs. Amenities: security, gym, swimming pool, clubhouse, lift."
house,rent,38000.0,1597,3,3,12,19,9,furnished,1,JP Nagar,parking|security|power backup,3 BHK House for Rent in JP Nagar,"Beautiful 3 BHK house for rent in JP Nagar, Bangalore. Area: 1597 sqft. Furnished. Floor 12/19. Age: 9 yrs. Amenities: parking, security, power backup."
apartment,rent,11000.0,616,4,4,12,15,3,semi-furnished,2,Bellandur,lift|gym|power backup,4 BHK Apartment for Rent in Bellandur,"Beautiful 4 BHK apartment for rent in Bellandur, Bangalore. Area: 616 sqft. Semi-Furnished. Floor 12/15. Age: 3 yrs. Amenities: lift, gym, power backup."
apartment,sale,22902000.0,2083,3,3,11,18,8,unfurnished,0,Indiranagar,swimming pool|power backup|lift,3 BHK Apartment for Sale in Indiranagar,"Beautiful 3 BHK apartment for sale in Indiranagar, Bangalore. Area: 2083 sqft. Unfurnished. Floor 11/18. Age: 8 yrs. Amenities: swimming pool, power backup, lift."
apartment,rent,35000.0,2620,4,4,12,18,20,semi-furnished,0,Electronic City,clubhouse|swimming pool|gym,4 BHK Apartment for Rent in Electronic City,"Beautiful 4 BHK apartment for rent in Electronic City, Bangalore. Area: 2620 sqft. Semi-Furnished. Floor 12/18. Age: 20 yrs. Amenities: clubhouse, swimming pool, gym."
villa,sale,41721000.0,3730,3,3,6,14,10,semi-furnished,1,Basavanagudi,gym|parking|clubhouse|power backup,3 BHK Villa for Sale in Basavanagudi,"Beautiful 3 BHK villa for sale in Basavanagudi, Bangalore. Area: 3730 sqft. Semi-Furnished. Floor 6/14. Age: 10 yrs. Amenities: gym, parking, clubhouse, power backup."
apartment,sale,28303000.0,2346,2,2,5,19,16,furnished,0,Malleswaram,parking|clubhouse|swimming pool|gym|power backup,2 BHK Apartment for Sale in Malleswaram,"Beautiful 2 BHK apartment for sale in Malleswaram, Bangalore. Area: 2346 sqft. Furnished. Floor 5/19. Age: 16 yrs. Amenities: parking, clubhouse, swimming pool, gym, power backup."
apartment,sale,4338000.0,409,4,4,7,8,12,furnished,2,Malleswaram,security,4 BHK Apartment for Sale in Malleswaram,"Beautiful 4 BHK apartment for sale in Malleswaram, Bangalore. Area: 409 sqft. Furnished. Floor 7/8. Age: 12 yrs. Amenities: security."
house,sale,7535000.0,784,2,2,4,19,22,semi-furnished,0,Basavanagudi,swimming pool|security|lift|gym|parking,2 BHK House for Sale in Basavanagudi,"Beautiful 2 BHK house for sale in Basavanagudi, Bangalore. Area: 784 sqft. Semi-Furnished. Floor 4/19. Age: 22 yrs. Amenities: swimming pool, security, lift, gym, parking."
house,sale,19165000.0,2301,2,2,0,18,12,furnished,1,JP Nagar,lift,2 BHK House for Sale in JP Nagar,"Beautiful 2 BHK house for sale in JP Nagar, Bangalore. Area: 2301 sqft. Furnished. Floor 0/18. Age: 12 yrs. Amenities: lift."
house,sale,10826000.0,1162,3,3,8,8,15,unfurnished,2,Malleswaram,gym|power backup|security|lift|parking,3 BHK House for Sale in Malleswaram,"Beautiful 3 BHK house for sale in Malleswaram, Bangalore. Area: 1162 sqft. Unfurnished. Floor 8/8. Age: 15 yrs. Amenities: gym, power backup, security, lift, parking."
apartment,sale,37620000.0,3306,2,2,2,3,19,furnished,1,Koramangala,garden,2 BHK Apartment for Sale in Koramangala,"Beautiful 2 BHK apartment for sale in Koramangala, Bangalore. Area: 3306 sqft. Furnished. Floor 2/3. Age: 19 yrs. Amenities: garden."
plot,sale,18272000.0,3431,2,2,4,5,5,furnished,1,JP Nagar,swimming pool|gym|security|garden|lift,2 BHK Plot for Sale in JP Nagar,"Beautiful 2 BHK plot for sale in JP Nagar, Bangalore. Area: 3431 sqft. Furnished. Floor 4/5. Age: 5 yrs. Amenities: swimming pool, gym, security, garden, lift."
apartment,sale,5421000.0,759,3,3,3,5,2,unfurnished,0,Rajajinagar,lift|power backup,3 BHK Apartment for Sale in Rajajinagar,"Beautiful 3 BHK apartment for sale in Rajajinagar, Bangalore. Area: 759 sqft. Unfurnished. Floor 3/5. Age: 2 yrs. Amenities: lift, power backup."
apartment,sale,12567000.0,2993,2,2,0,13,12,unfurnished,0,Electronic City,swimming pool|security,2 BHK Apartment for Sale in Electronic City,"Beautiful 2 BHK apartment for sale in Electronic City, Bangalore. Area: 2993 sqft. Unfurnished. Floor 0/13. Age: 12 yrs. Amenities: swimming pool, security."
apartment,sale,4819000.0,702,4,4,14,19,13,semi-furnished,2,Whitefield,power backup|gym,4 BHK Apartment for Sale in Whitefield,"Beautiful 4 BHK apartment for sale in Whitefield, Bangalore. Area: 702 sqft. Semi-Furnished. Floor 14/19. Age: 13 yrs. Amenities: power backup, gym."
villa,sale,30771000.0,3253,3,3,2,16,24,unfurnished,0,Banashankari,garden|security|lift|parking,3 BHK Villa for Sale in Banashankari,"Beautiful 3 BHK villa for sale in Banashankari, Bangalore. Area: 3253 sqft. Unfurnished. Floor 2/16. Age: 24 yrs. Amenities: garden, security, lift, parking."
apartment,sale,4909000.0,632,2,2,12,13,14,unfurnished,1,Basavanagudi,clubhouse|garden,2 BHK Apartment for Sale in Basavanagudi,"Beautiful 2 BHK apartment for sale in Basavanagudi, Bangalore. Area: 632 sqft. Unfurnished. Floor 12/13. Age: 14 yrs. Amenities: clubhouse, garden."
apartment,sale,28145000.0,3848,2,2,0,5,5,unfurnished,1,Koramangala,swimming pool|garden|security,2 BHK Apartment for Sale in Koramangala,"Beautiful 2 BHK apartment for sale in Koramangala, Bangalore. Area: 3848 sqft. Unfurnished. Floor 0/5. Age: 5 yrs. Amenities: swimming pool, garden, security."
plot,sale,9245000.0,2155,2,2,10,13,14,semi-furnished,1,Marathahalli,security,2 BHK Plot for Sale in Marathahalli,"Beautiful 2 BHK plot for sale in Marathahalli, Bangalore. Area: 2155 sqft. Semi-Furnished. Floor 10/13. Age: 14 yrs. Amenities: security."
house,sale,25136000.0,3283,4,4,2,2,19,furnished,2,Vijayanagar,security,4 BHK House for Sale in Vijayanagar,"Beautiful 4 BHK house for sale in Vijayanagar, Bangalore. Area: 3283 sqft. Furnished. Floor 2/2. Age: 19 yrs. Amenities: security."
apartment,sale,3273000.0,660,2,2,6,15,11,semi-furnished,0,Yelahanka,swimming pool|parking,2 BHK Apartment for Sale in Yelahanka,"Beautiful 2 BHK apartment for sale in Yelahanka, Bangalore. Area: 660 sqft. Semi-Furnished. Floor 6/15. Age: 11 yrs. Amenities: swimming pool, parking."
apartment,sale,16767000.0,2765,4,4,11,12,13,furnished,2,Electronic City,power backup,4 BHK Apartment for Sale in Electronic City,"Beautiful 4 BHK apartment for sale in Electronic City, Bangalore. Area: 2765 sqft. Furnished. Floor 11/12. Age: 13 yrs. Amenities: power backup."
house,rent,28000.0,1714,3,3,4,8,4,unfurnished,2,Bannerghatta Road,parking|power backup,3 BHK House for Rent in Bannerghatta Road,"Beautiful 3 BHK house for rent in Bannerghatta Road, Bangalore. Area: 1714 sqft. Unfurnished. Floor 4/8. Age: 4 yrs. Amenities: parking, power backup."
villa,rent,102000.0,2288,3,3,6,6,24,furnished,0,Jayanagar,power backup|gym,3 BHK Villa for Rent in Jayanagar,"Beautiful 3 BHK villa for rent in Jayanagar, Bangalore. Area: 2288 sqft. Furnished. Floor 6/6. Age: 24 yrs. Amenities: power backup, gym."
villa,sale,12271000.0,1712,3,3,3,9,3,furnished,1,Bannerghatta Road,security,3 BHK Villa for Sale in Bannerghatta Road,"Beautiful 3 BHK villa for sale in Bannerghatta Road, Bangalore. Area: 1712 sqft. Furnished. Floor 3/9. Age: 3 yrs. Amenities: security."
house,rent,87000.0,3253,2,2,12,18,14,furnished,2,Koramangala,parking|swimming pool|gym|clubhouse|security,2 BHK House for Rent in Koramangala,"Beautiful 2 BHK house for rent in Koramangala, Bangalore. Area: 3253 sqft. Furnished. Floor 12/18. Age: 14 yrs. Amenities: parking, swimming pool, gym, clubhouse, security."
villa,sale,23661000.0,2516,2,2,3,13,9,semi-furnished,1,Vijayanagar,lift|power backup,2 BHK Villa for Sale in Vijayanagar,"Beautiful 2 BHK villa for sale in Vijayanagar, Bangalore. Area: 2516 sqft. Semi-Furnished. Floor 3/13. Age: 9 yrs. Amenities: lift, power backup."
villa,sale,32656000.0,3455,1,1,3,7,23,furnished,2,BTM Layout,power backup|garden,1 BHK Villa for Sale in BTM Layout,"Beautiful 1 BHK villa for sale in BTM Layout, Bangalore. Area: 3455 sqft. Furnished. Floor 3/7. Age: 23 yrs. Amenities: power backup, garden."
plot,sale,17409000.0,3876,1,1,9,12,21,unfurnished,0,Hebbal,swimming pool,1 BHK Plot for Sale in Hebbal,"Beautiful 1 BHK plot for sale in Hebbal, Bangalore. Area: 3876 sqft. Unfurnished. Floor 9/12. Age: 21 yrs. Amenities: swimming pool."
house,sale,14589000.0,2691,1,1,8,17,10,semi-furnished,1,Hennur,power backup|garden,1 BHK House for Sale in Hennur,"Beautiful 1 BHK house for sale in Hennur, Bangalore. Area: 2691 sqft. Semi-Furnished. Floor 8/17. Age: 10 yrs. Amenities: power backup, garden."
apartment,sale,34948000.0,3972,2,2,7,7,16,furnished,2,Vijayanagar,garden|parking|lift,2 BHK Apartment for Sale in Vijayanagar,"Beautiful 2 BHK apartment for sale in Vijayanagar, Bangalore. Area: 3972 sqft. Furnished. Floor 7/7. Age: 16 yrs. Amenities: garden, parking, lift."
apartment,sale,17376000.0,2124,1,1,7,7,6,furnished,0,Hebbal,swimming pool|power backup|security,1 BHK Apartment for Sale in Hebbal,"Beautiful 1 BHK apartment for sale in Hebbal, Bangalore. Area: 2124 sqft. Furnished. Floor 7/7. Age: 6 yrs. Amenities: swimming pool, power backup, security."
apartment,sale,18291000.0,3457,3,3,1,17,17,semi-furnished,1,Bannerghatta Road,swimming pool|clubhouse|lift,3 BHK Apartment for Sale in Bannerghatta Road,"Beautiful 3 BHK apartment for sale in Bannerghatta Road, Bangalore. Area: 3457 sqft. Semi-Furnished. Floor 1/17. Age: 17 yrs. Amenities: swimming pool, clubhouse, lift."
house,sale,3810000.0,454,3,3,11,12,6,furnished,0,JP Nagar,clubhouse,3 BHK House for Sale in JP Nagar,"Beautiful 3 BHK house for sale in JP Nagar, Bangalore. Area: 454 sqft. Furnished. Floor 11/12. Age: 6 yrs. Amenities: clubhouse."
house,sale,27805000.0,2543,3,3,7,14,13,unfurnished,0,Indiranagar,garden|security|gym|parking|lift,3 BHK House for Sale in Indiranagar,"Beautiful 3 BHK house for sale in Indiranagar, Bangalore. Area: 2543 sqft. Unfurnished. Floor 7/14. Age: 13 yrs. Amenities: garden, security, gym, parking, lift."
apartment,sale,7558000.0,913,2,2,0,14,4,unfurnished,1,Rajajinagar,lift|swimming pool,2 BHK Apartment for Sale in Rajajinagar,"Beautiful 2 BHK apartment for sale in Rajajinagar, Bangalore. Area: 913 sqft. Unfurnished. Floor 0/14. Age: 4 yrs. Amenities: lift, swimming pool."
apartment,sale,26553000.0,3301,4,4,11,18,16,semi-furnished,1,Hebbal,security|garden|lift,4 BHK Apartment for Sale in Hebbal,"Beautiful 4 BHK apartment for sale in Hebbal, Bangalore. Area: 3301 sqft. Semi-Furnished. Floor 11/18. Age: 16 yrs. Amenities: security, garden, lift."
villa,sale,39826000.0,3706,1,1,13,16,12,semi-furnished,2,Koramangala,lift|security|gym|power backup|garden,1 BHK Villa for Sale in Koramangala,"Beautiful 1 BHK villa for sale in Koramangala, Bangalore. Area: 3706 sqft. Semi-Furnished. Floor 13/16. Age: 12 yrs. Amenities: lift, security, gym, power backup, garden."
villa,rent,16000.0,741,2,2,4,14,24,unfurnished,1,Marathahalli,power backup|parking|clubhouse,2 BHK Villa for Rent in Marathahalli,"Beautiful 2 BHK villa for rent in Marathahalli, Bangalore. Area: 741 sqft. Unfurnished. Floor 4/14. Age: 24 yrs. Amenities: power backup, parking, clubhouse."
apartment,sale,18210000.0,1999,2,2,1,11,0,unfurnished,0,Basavanagudi,gym|power backup|security|lift,2 BHK Apartment for Sale in Basavanagudi,"Beautiful 2 BHK apartment for sale in Basavanagudi, Bangalore. Area: 1999 sqft. Unfurnished. Floor 1/11. Age: 0 yrs. Amenities: gym, power backup, security, lift."
villa,rent,133000.0,3111,2,2,5,10,4,furnished,1,Jayanagar,swimming pool|gym|garden|lift,2 BHK Villa for Rent in Jayanagar,"Beautiful 2 BHK villa for rent in Jayanagar, Bangalore. Area: 3111 sqft. Furnished. Floor 5/10. Age: 4 yrs. Amenities: swimming pool, gym, garden, lift."
apartment,sale,16507000.0,2520,2,2,8,15,16,furnished,0,Bellandur,security|clubhouse|power backup|garden|lift,2 BHK Apartment for Sale in Bellandur,"Beautiful 2 BHK apartment for sale in Bellandur, Bangalore. Area: 2520 sqft. Furnished. Floor 8/15. Age: 16 yrs. Amenities: security, clubhouse, power backup, garden, lift."
apartment,sale,26517000.0,3515,2,2,10,10,16,semi-furnished,0,Vijayanagar,swimming pool,2 BHK Apartment for Sale in Vijayanagar,"Beautiful 2 BHK apartment for sale in Vijayanagar, Bangalore. Area: 3515 sqft. Semi-Furnished. Floor 10/10. Age: 16 yrs. Amenities: swimming pool."
villa,rent,33000.0,1512,2,2,11,19,12,semi-furnished,2,Marathahalli,security|parking,2 BHK Villa for Rent in Marathahalli,"Beautiful 2 BHK villa for rent in Marathahalli, Bangalore. Area: 1512 sqft. Semi-Furnished. Floor 11/19. Age: 12 yrs. Amenities: security, parking."
villa,sale,17616000.0,1921,4,4,10,16,17,unfurnished,1,BTM Layout,security|gym|garden|clubhouse,4 BHK Villa for Sale in BTM Layout,"Beautiful 4 BHK villa for sale in BTM Layout, Bangalore. Area: 1921 sqft. Unfurnished. Floor 10/16. Age: 17 yrs. Amenities: security, gym, garden, clubhouse."
apartment,sale,17608000.0,1594,3,3,7,16,22,unfurnished,2,Indiranagar,parking,3 BHK Apartment for Sale in Indiranagar,"Beautiful 3 BHK apartment for sale in Indiranagar, Bangalore. Area: 1594 sqft. Unfurnished. Floor 7/16. Age: 22 yrs. Amenities: parking."
house,sale,7062000.0,945,2,2,13,15,22,furnished,0,JP Nagar,clubhouse|garden,2 BHK House for Sale in JP Nagar,"Beautiful 2 BHK house for sale in JP Nagar, Bangalore. Area: 945 sqft. Furnished. Floor 13/15. Age: 22 yrs. Amenities: clubhouse, garden."
villa,rent,18000.0,665,4,4,13,13,6,furnished,0,Sarjapur Road,gym,4 BHK Villa for Rent in Sarjapur Road,"Beautiful 4 BHK villa for rent in Sarjapur Road, Bangalore. Area: 665 sqft. Furnished. Floor 13/13. Age: 6 yrs. Amenities: gym."
apartment,rent,84000.0,3264,2,2,8,15,3,unfurnished,1,Rajajinagar,gym|power backup|clubhouse|swimming pool|security,2 BHK Apartment for Rent in Rajajinagar,"Beautiful 2 BHK apartment for rent in Rajajinagar, Bangalore. Area: 3264 sqft. Unfurnished. Floor 8/15. Age: 3 yrs. Amenities: gym, power backup, clubhouse, swimming pool, security."
plot,rent,12000.0,1171,3,3,10,17,19,furnished,2,Yelahanka,security|gym|power backup|lift|swimming pool,3 BHK Plot for Rent in Yelahanka,"Beautiful 3 BHK plot for rent in Yelahanka, Bangalore. Area: 1171 sqft. Furnished. Floor 10/17. Age: 19 yrs. Amenities: security, gym, power backup, lift, swimming pool."
plot,rent,9000.0,453,3,3,14,14,8,unfurnished,1,Basavanagudi,gym,3 BHK Plot for Rent in Basavanagudi,"Beautiful 3 BHK plot for rent in Basavanagudi, Bangalore. Area: 453 sqft. Unfurnished. Floor 14/14. Age: 8 yrs. Amenities: gym."
house,sale,23076000.0,2430,2,2,8,16,3,semi-furnished,0,Indiranagar,swimming pool|garden,2 BHK House for Sale in Indiranagar,"Beautiful 2 BHK house for sale in Indiranagar, Bangalore. Area: 2430 sqft. Semi-Furnished. Floor 8/16. Age: 3 yrs. Amenities: swimming pool, garden."
house,rent,84000.0,3732,3,3,10,11,23,unfurnished,1,Koramangala,parking|clubhouse|gym,3 BHK House for Rent in Koramangala,"Beautiful 3 BHK house for rent in Koramangala, Bangalore. Area: 3732 sqft. Unfurnished. Floor 10/11. Age: 23 yrs. Amenities: parking, clubhouse, gym."
apartment,rent,77000.0,2562,2,2,9,11,23,semi-furnished,2,Basavanagudi,swimming pool|lift|power backup|security|parking,2 BHK Apartment for Rent in Basavanagudi,"Beautiful 2 BHK apartment for rent in Basavanagudi, Bangalore. Area: 2562 sqft. Semi-Furnished. Floor 9/11. Age: 23 yrs. Amenities: swimming pool, lift, power backup, security, parking."
apartment,sale,4529000.0,755,4,4,14,16,5,unfurnished,0,Hebbal,clubhouse|power backup|security,4 BHK Apartment for Sale in Hebbal,"Beautiful 4 BHK apartment for sale in Hebbal, Bangalore. Area: 755 sqft. Unfurnished. Floor 14/16. Age: 5 yrs. Amenities: clubhouse, power backup, security."
apartment,rent,52000.0,3729,1,1,13,17,11,unfurnished,1,Yelahanka,security|swimming pool|power backup|garden|lift,1 BHK Apartment for Rent in Yelahanka,"Beautiful 1 BHK apartment for rent in Yelahanka, Bangalore. Area: 3729 sqft. Unfurnished. Floor 13/17. Age: 11 yrs. Amenities: security, swimming pool, power backup, garden, lift."
house,sale,7326000.0,985,3,3,8,9,14,semi-furnished,0,Bellandur,gym|garden|parking|swimming pool|lift,3 BHK House for Sale in Bellandur,"Beautiful 3 BHK house for sale in Bellandur, Bangalore. Area: 985 sqft. Semi-Furnished. Floor 8/9. Age: 14 yrs. Amenities: gym, garden, parking, swimming pool, lift."
apartment,sale,25293000.0,2657,3,3,1,14,14,furnished,2,Basavanagudi,clubhouse|swimming pool|gym,3 BHK Apartment for Sale in Basavanagudi,"Beautiful 3 BHK apartment for sale in Basavanagudi, Bangalore. Area: 2657 sqft. Furnished. Floor 1/14. Age: 14 yrs. Amenities: clubhouse, swimming pool, gym."
apartment,sale,7551000.0,1137,2,2,12,15,16,unfurnished,0,Vijayanagar,security,2 BHK Apartment for Sale in Vijayanagar,"Beautiful 2 BHK apartment for sale in Vijayanagar, Bangalore. Area: 1137 sqft. Unfurnished. Floor 12/15. Age: 16 yrs. Amenities: security."
apartment,rent,22000.0,1388,2,2,4,18,15,furnished,2,Yelahanka,swimming pool|lift|security|power backup,2 BHK Apartment for Rent in Yelahanka,"Beautiful 2 BHK apartment for rent in Yelahanka, Bangalore. Area: 1388 sqft. Furnished. Floor 4/18. Age: 15 yrs. Amenities: swimming pool, lift, security, power backup."
apartment,sale,5919000.0,1192,1,1,7,18,17,unfurnished,2,Electronic City,swimming pool|security|parking|lift,1 BHK Apartment for Sale in Electronic City,"Beautiful 1 BHK apartment for sale in Electronic City, Bangalore. Area: 1192 sqft. Unfurnished. Floor 7/18. Age: 17 yrs. Amenities: swimming pool, security, parking, lift."
apartment,rent,30000.0,1959,2,2,11,13,19,semi-furnished,2,Hennur,parking,2 BHK Apartment for Rent in Hennur,"Beautiful 2 BHK apartment for rent in Hennur, Bangalore. Area: 1959 sqft. Semi-Furnished. Floor 11/13. Age: 19 yrs. Amenities: parking."
house,sale,4776000.0,471,2,2,4,5,17,semi-furnished,2,Koramangala,parking|lift|clubhouse,2 BHK House for Sale in Koramangala,"Beautiful 2 BHK house for sale in Koramangala, Bangalore. Area: 471 sqft. Semi-Furnished. Floor 4/5. Age: 17 yrs. Amenities: parking, lift, clubhouse."
apartment,sale,14111000.0,2095,4,4,14,19,21,furnished,1,Vijayanagar,clubhouse|parking,4 BHK Apartment for Sale in Vijayanagar,"Beautiful 4 BHK apartment for sale in Vijayanagar, Bangalore. Area: 2095 sqft. Furnished. Floor 14/19. Age: 21 yrs. Amenities: clubhouse, parking."
apartment,sale,17966000.0,3318,1,1,9,18,17,unfurnished,1,Bellandur,swimming pool|lift,1 BHK Apartment for Sale in Bellandur,"Beautiful 1 BHK apartment for sale in Bellandur, Bangalore. Area: 3318 sqft. Unfurnished. Floor 9/18. Age: 17 yrs. Amenities: swimming pool, lift."
villa,sale,7865000.0,1115,2,2,7,14,17,semi-furnished,1,Electronic City,gym|clubhouse|swimming pool,2 BHK Villa for Sale in Electronic City,"Beautiful 2 BHK villa for sale in Electronic City, Bangalore. Area: 1115 sqft. Semi-Furnished. Floor 7/14. Age: 17 yrs. Amenities: gym, clubhouse, swimming pool."
apartment,sale,40618000.0,3425,2,2,5,16,22,furnished,0,Indiranagar,power backup|clubhouse|garden|gym|security,2 BHK Apartment for Sale in Indiranagar,"Beautiful 2 BHK apartment for sale in Indiranagar, Bangalore. Area: 3425 sqft. Furnished. Floor 5/16. Age: 22 yrs. Amenities: power backup, clubhouse, garden, gym, security."
apartment,sale,7553000.0,948,3,3,7,15,2,semi-furnished,2,Vijayanagar,security|swimming pool|power backup,3 BHK Apartment for Sale in Vijayanagar,"Beautiful 3 BHK apartment for sale in Vijayanagar, Bangalore. Area: 948 sqft. Semi-Furnished. Floor 7/15. Age: 2 yrs. Amenities: security, swimming pool, power backup."
villa,rent,28000.0,1355,3,3,7,8,16,unfurnished,0,Hennur,gym|power backup|parking|clubhouse,3 BHK Villa for Rent in Hennur,"Beautiful 3 BHK villa for rent in Hennur, Bangalore. Area: 1355 sqft. Unfurnished. Floor 7/8. Age: 16 yrs. Amenities: gym, power backup, parking, clubhouse."
apartment,sale,18671000.0,1691,4,4,2,14,17,furnished,2,Jayanagar,gym,4 BHK Apartment for Sale in Jayanagar,"Beautiful 4 BHK apartment for sale in Jayanagar, Bangalore. Area: 1691 sqft. Furnished. Floor 2/14. Age: 17 yrs. Amenities: gym."
house,sale,11787000.0,2251,2,2,12,18,13,unfurnished,0,Marathahalli,lift|security|garden|parking,2 BHK House for Sale in Marathahalli,"Beautiful 2 BHK house for sale in Marathahalli, Bangalore. Area: 2251 sqft. Unfurnished. Floor 12/18. Age: 13 yrs. Amenities: lift, security, garden, parking."
villa,sale,9247000.0,700,3,3,6,16,9,unfurnished,1,Indiranagar,parking|power backup,3 BHK Villa for Sale in Indiranagar,"Beautiful 3 BHK villa for sale in Indiranagar, Bangalore. Area: 700 sqft. Unfurnished. Floor 6/16. Age: 9 yrs. Amenities: parking, power backup."
villa,sale,28691000.0,3592,2,2,10,14,14,furnished,0,Sarjapur Road,garden,2 BHK Villa for Sale in Sarjapur Road,"Beautiful 2 BHK villa for sale in Sarjapur Road, Bangalore. Area: 3592 sqft. Furnished. Floor 10/14. Age: 14 yrs. Amenities: garden."
apartment,sale,41579000.0,3472,1,1,6,8,5,furnished,0,Koramangala,clubhouse|lift|security,1 BHK Apartment for Sale in Koramangala,"Beautiful 1 BHK apartment for sale in Koramangala, Bangalore. Area: 3472 sqft. Furnished. Floor 6/8. Age: 5 yrs. Amenities: clubhouse, lift, security."
apartment,sale,16899000.0,3510,4,4,14,16,17,unfurnished,1,Yelahanka,gym|parking|swimming pool|lift,4 BHK Apartment for Sale in Yelahanka,"Beautiful 4 BHK apartment for sale in Yelahanka, Bangalore. Area: 3510 sqft. Unfurnished. Floor 14/16. Age: 17 yrs. Amenities: gym, parking, swimming pool, lift."
plot,sale,13589000.0,3823,3,3,5,9,14,semi-furnished,2,Bannerghatta Road,lift|garden,3 BHK Plot for Sale in Bannerghatta Road,"Beautiful 3 BHK plot for sale in Bannerghatta Road, Bangalore. Area: 3823 sqft. Semi-Furnished. Floor 5/9. Age: 14 yrs. Amenities: lift, garden."
house,rent,14000.0,744,1,1,13,16,0,furnished,2,Bannerghatta Road,clubhouse|parking|security|power backup|swimming pool,1 BHK House for Rent in Bannerghatta Road,"Beautiful 1 BHK house for rent in Bannerghatta Road, Bangalore. Area: 744 sqft. Furnished. Floor 13/16. Age: 0 yrs. Amenities: clubhouse, parking, security, power backup, swimming pool."
house,rent,65000.0,3036,3,3,14,14,10,semi-furnished,0,Hebbal,security|power backup|gym|garden,3 BHK House for Rent in Hebbal,"Beautiful 3 BHK house for rent in Hebbal, Bangalore. Area: 3036 sqft. Semi-Furnished. Floor 14/14. Age: 10 yrs. Amenities: security, power backup, gym, garden."
house,sale,13629000.0,2024,2,2,4,18,0,semi-furnished,2,Bellandur,lift|swimming pool|power backup|clubhouse|gym,2 BHK House for Sale in Bellandur,"Beautiful 2 BHK house for sale in Bellandur, Bangalore. Area: 2024 sqft. Semi-Furnished. Floor 4/18. Age: 0 yrs. Amenities: lift, swimming pool, power backup, clubhouse, gym."
apartment,sale,19930000.0,3421,2,2,9,10,13,furnished,2,Sarjapur Road,parking|power backup|garden|gym|security,2 BHK Apartment for Sale in Sarjapur Road,"Beautiful 2 BHK apartment for sale in Sarjapur Road, Bangalore. Area: 3421 sqft. Furnished. Floor 9/10. Age: 13 yrs. Amenities: parking, power backup, garden, gym, security."
apartment,sale,21686000.0,3230,2,2,10,16,5,semi-furnished,1,Marathahalli,swimming pool|gym|security|power backup,2 BHK Apartment for Sale in Marathahalli,"Beautiful 2 BHK apartment for sale in Marathahalli, Bangalore. Area: 3230 sqft. Semi-Furnished. Floor 10/16. Age: 5 yrs. Amenities: swimming pool, gym, security, power backup."
apartment,rent,27000.0,1188,1,1,12,17,18,semi-furnished,1,BTM Layout,clubhouse|swimming pool|power backup|gym|parking,1 BHK Apartment for Rent in BTM Layout,"Beautiful 1 BHK apartment for rent in BTM Layout, Bangalore. Area: 1188 sqft. Semi-Furnished. Floor 12/17. Age: 18 yrs. Amenities: clubhouse, swimming pool, power backup, gym, parking."
apartment,rent,79000.0,3036,2,2,3,13,6,unfurnished,1,Rajajinagar,security|parking|garden|clubhouse|swimming pool,2 BHK Apartment for Rent in Rajajinagar,"Beautiful 2 BHK apartment for rent in Rajajinagar, Bangalore. Area: 3036 sqft. Unfurnished. Floor 3/13. Age: 6 yrs. Amenities: security, parking, garden, clubhouse, swimming pool."
apartment,rent,44000.0,2108,2,2,9,19,12,unfurnished,1,HSR Layout,power backup|garden|parking|lift|swimming pool,2 BHK Apartment for Rent in HSR Layout,"Beautiful 2 BHK apartment for rent in HSR Layout, Bangalore. Area: 2108 sqft. Unfurnished. Floor 9/19. Age: 12 yrs. Amenities: power backup, garden, parking, lift, swimming pool."
plot,sale,7571000.0,1716,2,2,3,6,6,semi-furnished,0,JP Nagar,power backup|garden,2 BHK Plot for Sale in JP Nagar,"Beautiful 2 BHK plot for sale in JP Nagar, Bangalore. Area: 1716 sqft. Semi-Furnished. Floor 3/6. Age: 6 yrs. Amenities: power backup, garden."
house,sale,12041000.0,1061,2,2,4,18,2,unfurnished,2,Indiranagar,parking|security,2 BHK House for Sale in Indiranagar,"Beautiful 2 BHK house for sale in Indiranagar, Bangalore. Area: 1061 sqft. Unfurnished. Floor 4/18. Age: 2 yrs. Amenities: parking, security."
apartment,sale,28463000.0,3084,2,2,6,14,16,unfurnished,2,Indiranagar,gym|power backup|lift|garden,2 BHK Apartment for Sale in Indiranagar,"Beautiful 2 BHK apartment for sale in Indiranagar, Bangalore. Area: 3084 sqft. Unfurnished. Floor 6/14. Age: 16 yrs. Amenities: gym, power backup, lift, garden."
apartment,sale,3822000.0,472,3,3,7,7,5,furnished,2,Banashankari,parking|lift|power backup|clubhouse,3 BHK Apartment for Sale in Banashankari,"Beautiful 3 BHK apartment for sale in Banashankari, Bangalore. Area: 472 sqft. Furnished. Floor 7/7. Age: 5 yrs. Amenities: parking, lift, power backup, clubhouse."
house,sale,14777000.0,2828,2,2,9,11,21,semi-furnished,1,Bannerghatta Road,power backup|security|garden|lift,2 BHK House for Sale in Bannerghatta Road,"Beautiful 2 BHK house for sale in Bannerghatta Road, Bangalore. Area: 2828 sqft. Semi-Furnished. Floor 9/11. Age: 21 yrs. Amenities: power backup, security, garden, lift."
apartment,rent,66000.0,3774,3,3,8,14,15,semi-furnished,1,Sarjapur Road,clubhouse,3 BHK Apartment for Rent in Sarjapur Road,"Beautiful 3 BHK apartment for rent in Sarjapur Road, Bangalore. Area: 3774 sqft. Semi-Furnished. Floor 8/14. Age: 15 yrs. Amenities: clubhouse."
apartment,rent,14000.0,763,4,4,0,19,5,semi-furnished,1,Vijayanagar,parking,4 BHK Apartment for Rent in Vijayanagar,"Beautiful 4 BHK apartment for rent in Vijayanagar, Bangalore. Area: 763 sqft. Semi-Furnished. Floor 0/19. Age: 5 yrs. Amenities: parking."
apartment,sale,33135000.0,3208,2,2,8,8,10,unfurnished,1,Malleswaram,lift|gym,2 BHK Apartment for Sale in Malleswaram,"Beautiful 2 BHK apartment for sale in Malleswaram, Bangalore. Area: 3208 sqft. Unfurnished. Floor 8/8. Age: 10 yrs. Amenities: lift, gym."
apartment,sale,16914000.0,3125,2,2,1,13,2,semi-furnished,1,Marathahalli,swimming pool|clubhouse|garden,2 BHK Apartment for Sale in Marathahalli,"Beautiful 2 BHK apartment for sale in Marathahalli, Bangalore. Area: 3125 sqft. Semi-Furnished. Floor 1/13. Age: 2 yrs. Amenities: swimming pool, clubhouse, garden."
apartment,rent,19000.0,665,3,3,8,9,24,furnished,1,Koramangala,garden,3 BHK Apartment for Rent in Koramangala,"Beautiful 3 BHK apartment for rent in Koramangala, Bangalore. Area: 665 sqft. Furnished. Floor 8/9. Age: 24 yrs. Amenities: garden."
plot,rent,83000.0,2929,3,3,7,11,1,furnished,2,Indiranagar,lift|swimming pool|parking|gym,3 BHK Plot for Rent in Indiranagar,"Beautiful 3 BHK plot for rent in Indiranagar, Bangalore. Area: 2929 sqft. Furnished. Floor 7/11. Age: 1 yrs. Amenities: lift, swimming pool, parking, gym."
apartment,sale,14605000.0,3110,3,3,2,6,18,semi-furnished,1,Electronic City,security,3 BHK Apartment for Sale in Electronic City,"Beautiful 3 BHK apartment for sale in Electronic City, Bangalore. Area: 3110 sqft. Semi-Furnished. Floor 2/6. Age: 18 yrs. Amenities: security."
apartment,sale,32585000.0,3965,3,3,2,8,15,furnished,2,Vijayanagar,parking,3 BHK Apartment for Sale in Vijayanagar,"Beautiful 3 BHK apartment for sale in Vijayanagar, Bangalore. Area: 3965 sqft. Furnished. Floor 2/8. Age: 15 yrs. Amenities: parking."
house,sale,13706000.0,2966,2,2,10,15,13,unfurnished,0,Marathahalli,security|gym|parking|power backup|swimming pool,2 BHK House for Sale in Marathahalli,"Beautiful 2 BHK house for sale in Marathahalli, Bangalore. Area: 2966 sqft. Unfurnished. Floor 10/15. Age: 13 yrs. Amenities: security, gym, parking, power backup, swimming pool."
apartment,sale,9065000.0,1300,2,2,0,12,20,semi-furnished,1,BTM Layout,clubhouse|parking|security|gym|power backup,2 BHK Apartment for Sale in BTM Layout,"Beautiful 2 BHK apartment for sale in BTM Layout, Bangalore. Area: 1300 sqft. Semi-Furnished. Floor 0/12. Age: 20 yrs. Amenities: clubhouse, parking, security, gym, power backup."
apartment,rent,39000.0,2957,1,1,3,4,19,semi-furnished,2,Yelahanka,parking,1 BHK Apartment for Rent in Yelahanka,"Beautiful 1 BHK apartment for rent in Yelahanka, Bangalore. Area: 2957 sqft. Semi-Furnished. Floor 3/4. Age: 19 yrs. Amenities: parking."
villa,rent,97000.0,2476,3,3,0,9,17,semi-furnished,0,Basavanagudi,security|garden|gym|clubhouse,3 BHK Villa for Rent in Basavanagudi,"Beautiful 3 BHK villa for rent in Basavanagudi, Bangalore. Area: 2476 sqft. Semi-Furnished. Floor 0/9. Age: 17 yrs. Amenities: security, garden, gym, clubhouse."
apartment,rent,59000.0,2548,2,2,7,19,7,furnished,2,Bellandur,swimming pool|power backup|lift,2 BHK Apartment for Rent in Bellandur,"Beautiful 2 BHK apartment for rent in Bellandur, Bangalore. Area: 2548 sqft. Furnished. Floor 7/19. Age: 7 yrs. Amenities: swimming pool, power backup, lift."
apartment,sale,3967000.0,798,2,2,2,8,18,unfurnished,2,Bannerghatta Road,gym|security,2 BHK Apartment for Sale in Bannerghatta Road,"Beautiful 2 BHK apartment for sale in Bannerghatta Road, Bangalore. Area: 798 sqft. Unfurnished. Floor 2/8. Age: 18 yrs. Amenities: gym, security."
apartment,rent,113000.0,3409,3,3,14,15,2,furnished,1,Basavanagudi,garden|security|parking|swimming pool,3 BHK Apartment for Rent in Basavanagudi,"Beautiful 3 BHK apartment for rent in Basavanagudi, Bangalore. Area: 3409 sqft. Furnished. Floor 14/15. Age: 2 yrs. Amenities: garden, security, parking, swimming pool."
house,sale,19388000.0,2821,4,4,12,16,15,semi-furnished,2,JP Nagar,security|clubhouse,4 BHK House for Sale in JP Nagar,"Beautiful 4 BHK house for sale in JP Nagar, Bangalore. Area: 2821 sqft. Semi-Furnished. Floor 12/16. Age: 15 yrs. Amenities: security, clubhouse."
plot,sale,30126000.0,3759,1,1,2,15,16,furnished,2,Malleswaram,garden|swimming pool,1 BHK Plot for Sale in Malleswaram,"Beautiful 1 BHK plot for sale in Malleswaram, Bangalore. Area: 3759 sqft. Furnished. Floor 2/15. Age: 16 yrs. Amenities: garden, swimming pool."
villa,sale,12192000.0,2159,2,2,10,15,21,unfurnished,0,Bannerghatta Road,power backup|parking|security|gym,2 BHK Villa for Sale in Bannerghatta Road,"Beautiful 2 BHK villa for sale in Bannerghatta Road, Bangalore. Area: 2159 sqft. Unfurnished. Floor 10/15. Age: 21 yrs. Amenities: power backup, parking, security, gym."
apartment,sale,9847000.0,860,3,3,5,15,4,furnished,0,Malleswaram,gym|security|lift,3 BHK Apartment for Sale in Malleswaram,"Beautiful 3 BHK apartment for sale in Malleswaram, Bangalore. Area: 860 sqft. Furnished. Floor 5/15. Age: 4 yrs. Amenities: gym, security, lift."
apartment,sale,17588000.0,2576,1,1,11,15,2,furnished,2,Marathahalli,power backup|security,1 BHK Apartment for Sale in Marathahalli,"Beautiful 1 BHK apartment for sale in Marathahalli, Bangalore. Area: 2576 sqft. Furnished. Floor 11/15. Age: 2 yrs. Amenities: power backup, security."
apartment,rent,90000.0,3045,3,3,9,18,21,furnished,1,Koramangala,lift,3 BHK Apartment for Rent in Koramangala,"Beautiful 3 BHK apartment for rent in Koramangala, Bangalore. Area: 3045 sqft. Furnished. Floor 9/18. Age: 21 yrs. Amenities: lift."
plot,sale,6088000.0,1443,2,2,9,16,21,unfurnished,1,Vijayanagar,gym|parking|security|swimming pool|power backup,2 BHK Plot for Sale in Vijayanagar,"Beautiful 2 BHK plot for sale in Vijayanagar, Bangalore. Area: 1443 sqft. Unfurnished. Floor 9/16. Age: 21 yrs. Amenities: gym, parking, security, swimming pool, power backup."
apartment,sale,7106000.0,925,2,2,2,6,15,semi-furnished,2,Bellandur,gym|garden|lift|parking,2 BHK Apartment for Sale in Bellandur,"Beautiful 2 BHK apartment for sale in Bellandur, Bangalore. Area: 925 sqft. Semi-Furnished. Floor 2/6. Age: 15 yrs. Amenities: gym, garden, lift, parking."
villa,sale,18910000.0,1499,3,3,13,14,5,furnished,2,Basavanagudi,clubhouse|gym|power backup|swimming pool,3 BHK Villa for Sale in Basavanagudi,"Beautiful 3 BHK villa for sale in Basavanagudi, Bangalore. Area: 1499 sqft. Furnished. Floor 13/14. Age: 5 yrs. Amenities: clubhouse, gym, power backup, swimming pool."
apartment,sale,20921000.0,1726,3,3,10,18,21,furnished,0,Malleswaram,lift,3 BHK Apartment for Sale in Malleswaram,"Beautiful 3 BHK apartment for sale in Malleswaram, Bangalore. Area: 1726 sqft. Furnished. Floor 10/18. Age: 21 yrs. Amenities: lift."
villa,rent,15000.0,899,2,2,12,13,17,unfurnished,0,Yelahanka,security|parking|lift,2 BHK Villa for Rent in Yelahanka,"Beautiful 2 BHK villa for rent in Yelahanka, Bangalore. Area: 899 sqft. Unfurnished. Floor 12/13. Age: 17 yrs. Amenities: security, parking, lift."
apartment,sale,13630000.0,1772,3,3,4,7,16,furnished,1,Vijayanagar,garden|gym|parking|power backup|lift,3 BHK Apartment for Sale in Vijayanagar,"Beautiful 3 BHK apartment for sale in Vijayanagar, Bangalore. Area: 1772 sqft. Furnished. Floor 4/7. Age: 16 yrs. Amenities: garden, gym, parking, power backup, lift."
house,sale,8703000.0,1085,1,1,11,19,19,furnished,0,Whitefield,lift|gym|garden|parking,1 BHK House for Sale in Whitefield,"Beautiful 1 BHK house for sale in Whitefield, Bangalore. Area: 1085 sqft. Furnished. Floor 11/19. Age: 19 yrs. Amenities: lift, gym, garden, parking."
apartment,rent,15000.0,604,2,2,5,16,8,furnished,2,JP Nagar,clubhouse|security|power backup|garden,2 BHK Apartment for Rent in JP Nagar,"Beautiful 2 BHK apartment for rent in JP Nagar, Bangalore. Area: 604 sqft. Furnished. Floor 5/16. Age: 8 yrs. Amenities: clubhouse, security, power backup, garden."
house,sale,7018000.0,1571,3,3,7,13,20,semi-furnished,1,Electronic City,parking|security|power backup|swimming pool,3 BHK House for Sale in Electronic City,"Beautiful 3 BHK house for sale in Electronic City, Bangalore. Area: 1571 sqft. Semi-Furnished. Floor 7/13. Age: 20 yrs. Amenities: parking, security, power backup, swimming pool."
apartment,sale,5238000.0,783,4,4,11,19,8,furnished,1,Marathahalli,lift|garden|clubhouse|parking|gym,4 BHK Apartment for Sale in Marathahalli,"Beautiful 4 BHK apartment for sale in Marathahalli, Bangalore. Area: 783 sqft. Furnished. Floor 11/19. Age: 8 yrs. Amenities: lift, garden, clubhouse, parking, gym."
apartment,sale,5006000.0,576,3,3,0,1,5,semi-furnished,1,Koramangala,lift|parking,3 BHK Apartment for Sale in Koramangala,"Beautiful 3 BHK apartment for sale in Koramangala, Bangalore. Area: 576 sqft. Semi-Furnished. Floor 0/1. Age: 5 yrs. Amenities: lift, parking."
apartment,sale,26829000.0,3557,3,3,11,18,14,semi-furnished,2,JP Nagar,power backup|clubhouse,3 BHK Apartment for Sale in JP Nagar,"Beautiful 3 BHK apartment for sale in JP Nagar, Bangalore. Area: 3557 sqft. Semi-Furnished. Floor 11/18. Age: 14 yrs. Amenities: power backup, clubhouse."
apartment,sale,11812000.0,2149,3,3,3,16,8,semi-furnished,1,Hennur,garden,3 BHK Apartment for Sale in Hennur,"Beautiful 3 BHK apartment for sale in Hennur, Bangalore. Area: 2149 sqft. Semi-Furnished. Floor 3/16. Age: 8 yrs. Amenities: garden."
apartment,sale,8065000.0,1850,2,2,2,6,18,unfurnished,1,Electronic City,swimming pool|clubhouse|parking|power backup,2 BHK Apartment for Sale in Electronic City,"Beautiful 2 BHK apartment for sale in Electronic City, Bangalore. Area: 1850 sqft. Unfurnished. Floor 2/6. Age: 18 yrs. Amenities: swimming pool, clubhouse, parking, power backup."
house,sale,27182000.0,3925,2,2,11,12,6,unfurnished,0,Rajajinagar,power backup|clubhouse|garden,2 BHK House for Sale in Rajajinagar,"Beautiful 2 BHK house for sale in Rajajinagar, Bangalore. Area: 3925 sqft. Unfurnished. Floor 11/12. Age: 6 yrs. Amenities: power backup, clubhouse, garden."
villa,rent,77000.0,3437,2,2,5,18,21,unfurnished,0,Marathahalli,swimming pool|security|power backup|lift,2 BHK Villa for Rent in Marathahalli,"Beautiful 2 BHK villa for rent in Marathahalli, Bangalore. Area: 3437 sqft. Unfurnished. Floor 5/18. Age: 21 yrs. Amenities: swimming pool, security, power backup, lift."
apartment,rent,19000.0,646,2,2,10,14,24,unfurnished,0,Koramangala,parking|lift|power backup|garden,2 BHK Apartment for Rent in Koramangala,"Beautiful 2 BHK apartment for rent in Koramangala, Bangalore. Area: 646 sqft. Unfurnished. Floor 10/14. Age: 24 yrs. Amenities: parking, lift, power backup, garden."
house,sale,33765000.0,3848,3,3,10,11,14,furnished,0,Hebbal,gym|power backup,3 BHK House for Sale in Hebbal,"Beautiful 3 BHK house for sale in Hebbal, Bangalore. Area: 3848 sqft. Furnished. Floor 10/11. Age: 14 yrs. Amenities: gym, power backup."
apartment,sale,8414000.0,1342,2,2,1,11,24,unfurnished,1,Whitefield,power backup,2 BHK Apartment for Sale in Whitefield,"Beautiful 2 BHK apartment for sale in Whitefield, Bangalore. Area: 1342 sqft. Unfurnished. Floor 1/11. Age: 24 yrs. Amenities: power backup."
apartment,sale,23963000.0,2358,1,1,5,13,19,furnished,2,Koramangala,power backup|lift|clubhouse,1 BHK Apartment for Sale in Koramangala,"Beautiful 1 BHK apartment for sale in Koramangala, Bangalore. Area: 2358 sqft. Furnished. Floor 5/13. Age: 19 yrs. Amenities: power backup, lift, clubhouse."
plot,rent,21000.0,2187,3,3,12,18,17,unfurnished,0,Hennur,gym|garden|security,3 BHK Plot for Rent in Hennur,"Beautiful 3 BHK plot for rent in Hennur, Bangalore. Area: 2187 sqft. Unfurnished. Floor 12/18. Age: 17 yrs. Amenities: gym, garden, security."
apartment,sale,11696000.0,1930,3,3,3,19,24,semi-furnished,1,Bannerghatta Road,security,3 BHK Apartment for Sale in Bannerghatta Road,"Beautiful 3 BHK apartment for sale in Bannerghatta Road, Bangalore. Area: 1930 sqft. Semi-Furnished. Floor 3/19. Age: 24 yrs. Amenities: security."
plot,rent,22000.0,1798,2,2,8,19,18,unfurnished,1,Bellandur,parking|swimming pool|lift|power backup|clubhouse,2 BHK Plot for Rent in Bellandur,"Beautiful 2 BHK plot for rent in Bellandur, Bangalore. Area: 1798 sqft. Unfurnished. Floor 8/19. Age: 18 yrs. Amenities: parking, swimming pool, lift, power backup, clubhouse."
apartment,sale,18371000.0,2669,2,2,8,11,3,semi-furnished,0,Banashankari,parking|security|power backup|swimming pool|garden,2 BHK Apartment for Sale in Banashankari,"Beautiful 2 BHK apartment for sale in Banashankari, Bangalore. Area: 2669 sqft. Semi-Furnished. Floor 8/11. Age: 3 yrs. Amenities: parking, security, power backup, swimming pool, garden."
apartment,rent,43000.0,1060,3,3,4,19,19,furnished,2,Indiranagar,parking|swimming pool|security|clubhouse,3 BHK Apartment for Rent in Indiranagar,"Beautiful 3 BHK apartment for rent in Indiranagar, Bangalore. Area: 1060 sqft. Furnished. Floor 4/19. Age: 19 yrs. Amenities: parking, swimming pool, security, clubhouse."
house,sale,36460000.0,3902,2,2,7,18,21,semi-furnished,2,Koramangala,clubhouse,2 BHK House for Sale in Koramangala,"Beautiful 2 BHK house for sale in Koramangala, Bangalore. Area: 3902 sqft. Semi-Furnished. Floor 7/18. Age: 21 yrs. Amenities: clubhouse."
apartment,sale,12697000.0,1829,1,1,11,13,21,semi-furnished,1,Vijayanagar,security|parking|garden,1 BHK Apartment for Sale in Vijayanagar,"Beautiful 1 BHK apartment for sale in Vijayanagar, Bangalore. Area: 1829 sqft. Semi-Furnished. Floor 11/13. Age: 21 yrs. Amenities: security, parking, garden."
apartment,sale,9723000.0,2044,2,2,0,2,7,semi-furnished,2,Bannerghatta Road,parking|lift|power backup|swimming pool|clubhouse,2 BHK Apartment for Sale in Bannerghatta Road,"Beautiful 2 BHK apartment for sale in Bannerghatta Road, Bangalore. Area: 2044 sqft. Semi-Furnished. Floor 0/2. Age: 7 yrs. Amenities: parking, lift, power backup, swimming pool, clubhouse."
apartment,sale,4080000.0,740,2,2,4,4,9,unfurnished,1,Bannerghatta Road,swimming pool,2 BHK Apartment for Sale in Bannerghatta Road,"Beautiful 2 BHK apartment for sale in Bannerghatta Road, Bangalore. Area: 740 sqft. Unfurnished. Floor 4/4. Age: 9 yrs. Amenities: swimming pool."
apartment,sale,10117000.0,1306,1,1,12,18,13,furnished,0,Hebbal,lift|swimming pool|power backup|gym,1 BHK Apartment for Sale in Hebbal,"Beautiful 1 BHK apartment for sale in Hebbal, Bangalore. Area: 1306 sqft. Furnished. Floor 12/18. Age: 13 yrs. Amenities: lift, swimming pool, power backup, gym."
plot,rent,11000.0,573,3,3,6,19,12,unfurnished,2,Jayanagar,parking,3 BHK Plot for Rent in Jayanagar,"Beautiful 3 BHK plot for rent in Jayanagar, Bangalore. Area: 573 sqft. Unfurnished. Floor 6/19. Age: 12 yrs. Amenities: parking."
apartment,sale,14233000.0,1536,2,2,0,11,18,unfurnished,0,Malleswaram,security|clubhouse,2 BHK Apartment for Sale in Malleswaram,"Beautiful 2 BHK apartment for sale in Malleswaram, Bangalore. Area: 1536 sqft. Unfurnished. Floor 0/11. Age: 18 yrs. Amenities: security, clubhouse."
villa,rent,57000.0,1963,3,3,2,7,20,semi-furnished,0,Banashankari,security|parking|power backup,3 BHK Villa for Rent in Banashankari,"Beautiful 3 BHK villa for rent in Banashankari, Bangalore. Area: 1963 sqft. Semi-Furnished. Floor 2/7. Age: 20 yrs. Amenities: security, parking, power backup."
apartment,sale,6496000.0,973,4,4,0,5,20,semi-furnished,2,Whitefield,lift|power backup,4 BHK Apartment for Sale in Whitefield,"Beautiful 4 BHK apartment for sale in Whitefield, Bangalore. Area: 973 sqft. Semi-Furnished. Floor 0/5. Age: 20 yrs. Amenities: lift, power backup."
house,rent,48000.0,3294,3,3,8,14,7,unfurnished,1,Sarjapur Road,garden|swimming pool|parking,3 BHK House for Rent in Sarjapur Road,"Beautiful 3 BHK house for rent in Sarjapur Road, Bangalore. Area: 3294 sqft. Unfurnished. Floor 8/14. Age: 7 yrs. Amenities: garden, swimming pool, parking."
villa,sale,20245000.0,3006,3,3,3,12,17,unfurnished,2,Marathahalli,power backup|security|garden,3 BHK Villa for Sale in Marathahalli,"Beautiful 3 BHK villa for sale in Marathahalli, Bangalore. Area: 3006 sqft. Unfurnished. Floor 3/12. Age: 17 yrs. Amenities: power backup, security, garden."
apartment,sale,12702000.0,2048,1,1,12,13,4,semi-furnished,2,Hennur,gym|clubhouse|power backup,1 BHK Apartment for Sale in Hennur,"Beautiful 1 BHK apartment for sale in Hennur, Bangalore. Area: 2048 sqft. Semi-Furnished. Floor 12/13. Age: 4 yrs. Amenities: gym, clubhouse, power backup."
apartment,sale,5177000.0,644,1,1,13,14,4,semi-furnished,0,JP Nagar,gym|power backup|lift|clubhouse|parking,1 BHK Apartment for Sale in JP Nagar,"Beautiful 1 BHK apartment for sale in JP Nagar, Bangalore. Area: 644 sqft. Semi-Furnished. Floor 13/14. Age: 4 yrs. Amenities: gym, power backup, lift, clubhouse, parking."
plot,sale,11106000.0,1923,4,4,0,12,15,semi-furnished,0,Hebbal,parking|security|clubhouse|power backup|swimming pool,4 BHK Plot for Sale in Hebbal,"Beautiful 4 BHK plot for sale in Hebbal, Bangalore. Area: 1923 sqft. Semi-Furnished. Floor 0/12. Age: 15 yrs. Amenities: parking, security, clubhouse, power backup, swimming pool."
apartment,rent,29000.0,1161,3,3,0,13,11,furnished,2,Vijayanagar,swimming pool|clubhouse|power backup|lift,3 BHK Apartment for Rent in Vijayanagar,"Beautiful 3 BHK apartment for rent in Vijayanagar, Bangalore. Area: 1161 sqft. Furnished. Floor 0/13. Age: 11 yrs. Amenities: swimming pool, clubhouse, power backup, lift."
apartment,rent,73000.0,2551,3,3,5,13,23,semi-furnished,2,HSR Layout,parking|swimming pool|clubhouse|gym|lift,3 BHK Apartment for Rent in HSR Layout,"Beautiful 3 BHK apartment for rent in HSR Layout, Bangalore. Area: 2551 sqft. Semi-Furnished. Floor 5/13. Age: 23 yrs. Amenities: parking, swimming pool, clubhouse, gym, lift."
villa,sale,33902000.0,2842,3,3,6,17,4,furnished,0,Koramangala,power backup|lift,3 BHK Villa for Sale in Koramangala,"Beautiful 3 BHK villa for sale in Koramangala, Bangalore. Area: 2842 sqft. Furnished. Floor 6/17. Age: 4 yrs. Amenities: power backup, lift."
house,sale,20237000.0,3573,2,2,10,10,23,unfurnished,2,Hennur,garden|security|clubhouse,2 BHK House for Sale in Hennur,"Beautiful 2 BHK house for sale in Hennur, Bangalore. Area: 3573 sqft. Unfurnished. Floor 10/10. Age: 23 yrs. Amenities: garden, security, clubhouse."
apartment,sale,13066000.0,1302,3,3,12,14,15,unfurnished,0,Malleswaram,swimming pool|security|parking|lift,3 BHK Apartment for Sale in Malleswaram,"Beautiful 3 BHK apartment for sale in Malleswaram, Bangalore. Area: 1302 sqft. Unfurnished. Floor 12/14. Age: 15 yrs. Amenities: swimming pool, security, parking, lift."
apartment,sale,20331000.0,3167,4,4,1,11,2,semi-furnished,1,Marathahalli,parking|power backup,4 BHK Apartment for Sale in Marathahalli,"Beautiful 4 BHK apartment for sale in Marathahalli, Bangalore. Area: 3167 sqft. Semi-Furnished. Floor 1/11. Age: 2 yrs. Amenities: parking, power backup."
plot,sale,19596000.0,3959,4,4,6,19,6,unfurnished,0,BTM Layout,parking|swimming pool|security|clubhouse,4 BHK Plot for Sale in BTM Layout,"Beautiful 4 BHK plot for sale in BTM Layout, Bangalore. Area: 3959 sqft. Unfurnished. Floor 6/19. Age: 6 yrs. Amenities: parking, swimming pool, security, clubhouse."
house,sale,21168000.0,3736,1,1,1,14,13,semi-furnished,2,Whitefield,power backup|swimming pool|garden,1 BHK House for Sale in Whitefield,"Beautiful 1 BHK house for sale in Whitefield, Bangalore. Area: 3736 sqft. Semi-Furnished. Floor 1/14. Age: 13 yrs. Amenities: power backup, swimming pool, garden."
apartment,sale,18524000.0,2822,1,1,1,10,15,semi-furnished,1,Vijayanagar,gym|power backup,1 BHK Apartment for Sale in Vijayanagar,"Beautiful 1 BHK apartment for sale in Vijayanagar, Bangalore. Area: 2822 sqft. Semi-Furnished. Floor 1/10. Age: 15 yrs. Amenities: gym, power backup."
apartment,sale,9574000.0,836,3,3,12,16,18,furnished,2,Jayanagar,power backup,3 BHK Apartment for Sale in Jayanagar,"Beautiful 3 BHK apartment for sale in Jayanagar, Bangalore. Area: 836 sqft. Furnished. Floor 12/16. Age: 18 yrs. Amenities: power backup."
apartment,rent,82000.0,2855,3,3,14,19,3,furnished,2,Malleswaram,parking|gym,3 BHK Apartment for Rent in Malleswaram,"Beautiful 3 BHK apartment for rent in Malleswaram, Bangalore. Area: 2855 sqft. Furnished. Floor 14/19. Age: 3 yrs. Amenities: parking, gym."
apartment,sale,12949000.0,2284,2,2,9,10,21,semi-furnished,0,Sarjapur Road,parking|swimming pool,2 BHK Apartment for Sale in Sarjapur Road,"Beautiful 2 BHK apartment for sale in Sarjapur Road, Bangalore. Area: 2284 sqft. Semi-Furnished. Floor 9/10. Age: 21 yrs. Amenities: parking, swimming pool."
house,sale,11073000.0,2097,3,3,11,14,3,semi-furnished,2,Yelahanka,swimming pool|lift|clubhouse,3 BHK House for Sale in Yelahanka,"Beautiful 3 BHK house for sale in Yelahanka, Bangalore. Area: 2097 sqft. Semi-Furnished. Floor 11/14. Age: 3 yrs. Amenities: swimming pool, lift, clubhouse."
plot,rent,30000.0,2622,3,3,6,10,20,unfurnished,0,Whitefield,swimming pool|garden|clubhouse|power backup|lift,3 BHK Plot for Rent in Whitefield,"Beautiful 3 BHK plot for rent in Whitefield, Bangalore. Area: 2622 sqft. Unfurnished. Floor 6/10. Age: 20 yrs. Amenities: swimming pool, garden, clubhouse, power backup, lift."
house,sale,6833000.0,1524,1,1,5,11,8,unfurnished,2,Hennur,swimming pool|garden,1 BHK House for Sale in Hennur,"Beautiful 1 BHK house for sale in Hennur, Bangalore. Area: 1524 sqft. Unfurnished. Floor 5/11. Age: 8 yrs. Amenities: swimming pool, garden."
house,rent,15000.0,728,2,2,5,15,21,semi-furnished,0,Marathahalli,parking|security|gym|swimming pool,2 BHK House for Rent in Marathahalli,"Beautiful 2 BHK house for rent in Marathahalli, Bangalore. Area: 728 sqft. Semi-Furnished. Floor 5/15. Age: 21 yrs. Amenities: parking, security, gym, swimming pool."
villa,sale,35339000.0,3620,3,3,11,18,21,semi-furnished,0,HSR Layout,swimming pool|lift|power backup|gym,3 BHK Villa for Sale in HSR Layout,"Beautiful 3 BHK villa for sale in HSR Layout, Bangalore. Area: 3620 sqft. Semi-Furnished. Floor 11/18. Age: 21 yrs. Amenities: swimming pool, lift, power backup, gym."
apartment,sale,26547000.0,3996,3,3,4,9,23,semi-furnished,1,JP Nagar,power backup,3 BHK Apartment for Sale in JP Nagar,"Beautiful 3 BHK apartment for sale in JP Nagar, Bangalore. Area: 3996 sqft. Semi-Furnished. Floor 4/9. Age: 23 yrs. Amenities: power backup."
apartment,sale,6428000.0,1139,2,2,9,18,5,furnished,2,Sarjapur Road,clubhouse|garden|parking|swimming pool,2 BHK Apartment for Sale in Sarjapur Road,"Beautiful 2 BHK apartment for sale in Sarjapur Road, Bangalore. Area: 1139 sqft. Furnished. Floor 9/18. Age: 5 yrs. Amenities: clubhouse, garden, parking, swimming pool."
house,sale,16231000.0,2159,2,2,4,12,0,unfurnished,1,BTM Layout,swimming pool|garden|power backup|lift,2 BHK House for Sale in BTM Layout,"Beautiful 2 BHK house for sale in BTM Layout, Bangalore. Area: 2159 sqft. Unfurnished. Floor 4/12. Age: 0 yrs. Amenities: swimming pool, garden, power backup, lift."
apartment,rent,66000.0,3176,3,3,7,14,12,semi-furnished,2,Vijayanagar,security|power backup|swimming pool|clubhouse,3 BHK Apartment for Rent in Vijayanagar,"Beautiful 3 BHK apartment for rent in Vijayanagar, Bangalore. Area: 3176 sqft. Semi-Furnished. Floor 7/14. Age: 12 yrs. Amenities: security, power backup, swimming pool, clubhouse."
apartment,sale,12813000.0,1527,3,3,8,14,4,semi-furnished,2,BTM Layout,lift|security|garden|swimming pool,3 BHK Apartment for Sale in BTM Layout,"Beautiful 3 BHK apartment for sale in BTM Layout, Bangalore. Area: 1527 sqft. Semi-Furnished. Floor 8/14. Age: 4 yrs. Amenities: lift, security, garden, swimming pool."
apartment,sale,19429000.0,2903,4,4,7,10,14,unfurnished,2,JP Nagar,swimming pool|garden|parking,4 BHK Apartment for Sale in JP Nagar,"Beautiful 4 BHK apartment for sale in JP Nagar, Bangalore. Area: 2903 sqft. Unfurnished. Floor 7/10. Age: 14 yrs. Amenities: swimming pool, garden, parking."
villa,rent,125000.0,2808,2,2,10,17,21,furnished,1,Malleswaram,parking|security|clubhouse,2 BHK Villa for Rent in Malleswaram,"Beautiful 2 BHK villa for rent in Malleswaram, Bangalore. Area: 2808 sqft. Furnished. Floor 10/17. Age: 21 yrs. Amenities: parking, security, clubhouse."
apartment,sale,24864000.0,2450,2,2,13,18,7,furnished,2,Malleswaram,security|power backup|clubhouse|swimming pool,2 BHK Apartment for Sale in Malleswaram,"Beautiful 2 BHK apartment for sale in Malleswaram, Bangalore. Area: 2450 sqft. Furnished. Floor 13/18. Age: 7 yrs. Amenities: security, power backup, clubhouse, swimming pool."
apartment,sale,15541000.0,3143,2,2,10,19,24,unfurnished,0,Electronic City,gym,2 BHK Apartment for Sale in Electronic City,"Beautiful 2 BHK apartment for sale in Electronic City, Bangalore. Area: 3143 sqft. Unfurnished. Floor 10/19. Age: 24 yrs. Amenities: gym."
villa,sale,18679000.0,1329,4,4,6,13,12,semi-furnished,1,Koramangala,swimming pool|security|lift|garden,4 BHK Villa for Sale in Koramangala,"Beautiful 4 BHK villa for sale in Koramangala, Bangalore. Area: 1329 sqft. Semi-Furnished. Floor 6/13. Age: 12 yrs. Amenities: swimming pool, security, lift, garden."
house,sale,22204000.0,2521,1,1,3,7,9,unfurnished,2,Malleswaram,gym|garden|clubhouse|parking|power backup,1 BHK House for Sale in Malleswaram,"Beautiful 1 BHK house for sale in Malleswaram, Bangalore. Area: 2521 sqft. Unfurnished. Floor 3/7. Age: 9 yrs. Amenities: gym, garden, clubhouse, parking, power backup."
house,sale,20737000.0,1861,4,4,7,13,1,unfurnished,0,Indiranagar,lift,4 BHK House for Sale in Indiranagar,"Beautiful 4 BHK house for sale in Indiranagar, Bangalore. Area: 1861 sqft. Unfurnished. Floor 7/13. Age: 1 yrs. Amenities: lift."
apartment,sale,8939000.0,1084,3,3,3,6,0,semi-furnished,0,Basavanagudi,power backup|gym,3 BHK Apartment for Sale in Basavanagudi,"Beautiful 3 BHK apartment for sale in Basavanagudi, Bangalore. Area: 1084 sqft. Semi-Furnished. Floor 3/6. Age: 0 yrs. Amenities: power backup, gym."
apartment,rent,82000.0,3463,1,1,12,12,3,furnished,2,Hebbal,lift|gym|clubhouse,1 BHK Apartment for Rent in Hebbal,"Beautiful 1 BHK apartment for rent in Hebbal, Bangalore. Area: 3463 sqft. Furnished. Floor 12/12. Age: 3 yrs. Amenities: lift, gym, clubhouse."
plot,rent,11000.0,861,2,2,3,12,19,unfurnished,1,BTM Layout,clubhouse|swimming pool|power backup|security,2 BHK Plot for Rent in BTM Layout,"Beautiful 2 BHK plot for rent in BTM Layout, Bangalore. Area: 861 sqft. Unfurnished. Floor 3/12. Age: 19 yrs. Amenities: clubhouse, swimming pool, power backup, security."
apartment,rent,41000.0,1790,2,2,7,17,7,unfurnished,0,HSR Layout,power backup|gym|clubhouse|parking,2 BHK Apartment for Rent in HSR Layout,"Beautiful 2 BHK apartment for rent in HSR Layout, Bangalore. Area: 1790 sqft. Unfurnished. Floor 7/17. Age: 7 yrs. Amenities: power backup, gym, clubhouse, parking."
apartment,sale,5052000.0,1080,1,1,8,16,21,semi-furnished,0,Hennur,security,1 BHK Apartment for Sale in Hennur,"Beautiful 1 BHK apartment for sale in Hennur, Bangalore. Area: 1080 sqft. Semi-Furnished. Floor 8/16. Age: 21 yrs. Amenities: security."
apartment,sale,6111000.0,819,3,3,14,14,4,furnished,2,BTM Layout,lift|security,3 BHK Apartment for Sale in BTM Layout,"Beautiful 3 BHK apartment for sale in BTM Layout, Bangalore. Area: 819 sqft. Furnished. Floor 14/14. Age: 4 yrs. Amenities: lift, security."
plot,rent,63000.0,2951,4,4,5,9,21,furnished,0,Rajajinagar,gym|garden|parking,4 BHK Plot for Rent in Rajajinagar,"Beautiful 4 BHK plot for rent in Rajajinagar, Bangalore. Area: 2951 sqft. Furnished. Floor 5/9. Age: 21 yrs. Amenities: gym, garden, parking."
apartment,sale,19670000.0,3232,2,2,3,18,19,unfurnished,0,Hebbal,swimming pool|security|parking,2 BHK Apartment for Sale in Hebbal,"Beautiful 2 BHK apartment for sale in Hebbal, Bangalore. Area: 3232 sqft. Unfurnished. Floor 3/18. Age: 19 yrs. Amenities: swimming pool, security, parking."
plot,rent,64000.0,3567,3,3,6,16,5,furnished,2,Basavanagudi,parking|security,3 BHK Plot for Rent in Basavanagudi,"Beautiful 3 BHK plot for rent in Basavanagudi, Bangalore. Area: 3567 sqft. Furnished. Floor 6/16. Age: 5 yrs. Amenities: parking, security."
apartment,sale,11218000.0,1938,4,4,0,16,11,unfurnished,0,Hebbal,power backup,4 BHK Apartment for Sale in Hebbal,"Beautiful 4 BHK apartment for sale in Hebbal, Bangalore. Area: 1938 sqft. Unfurnished. Floor 0/16. Age: 11 yrs. Amenities: power backup."
apartment,rent,16000.0,1073,3,3,12,18,3,unfurnished,0,Hennur,swimming pool|garden|parking,3 BHK Apartment for Rent in Hennur,"Beautiful 3 BHK apartment for rent in Hennur, Bangalore. Area: 1073 sqft. Unfurnished. Floor 12/18. Age: 3 yrs. Amenities: swimming pool, garden, parking."
house,sale,15965000.0,1906,3,3,2,13,15,unfurnished,2,Rajajinagar,lift|garden,3 BHK House for Sale in Rajajinagar,"Beautiful 3 BHK house for sale in Rajajinagar, Bangalore. Area: 1906 sqft. Unfurnished. Floor 2/13. Age: 15 yrs. Amenities: lift, garden."
apartment,sale,21712000.0,3462,4,4,2,19,19,furnished,0,Marathahalli,security|swimming pool|gym|lift,4 BHK Apartment for Sale in Marathahalli,"Beautiful 4 BHK apartment for sale in Marathahalli, Bangalore. Area: 3462 sqft. Furnished. Floor 2/19. Age: 19 yrs. Amenities: security, swimming pool, gym, lift."
villa,sale,5340000.0,449,2,2,8,10,21,furnished,2,Banashankari,parking|lift,2 BHK Villa for Sale in Banashankari,"Beautiful 2 BHK villa for sale in Banashankari, Bangalore. Area: 449 sqft. Furnished. Floor 8/10. Age: 21 yrs. Amenities: parking, lift."
house,rent,70000.0,2851,3,3,12,19,17,unfurnished,1,Banashankari,parking,3 BHK House for Rent in Banashankari,"Beautiful 3 BHK house for rent in Banashankari, Bangalore. Area: 2851 sqft. Unfurnished. Floor 12/19. Age: 17 yrs. Amenities: parking."
plot,sale,7254000.0,1891,2,2,8,8,16,unfurnished,2,Marathahalli,clubhouse|garden|power backup,2 BHK Plot for Sale in Marathahalli,"Beautiful 2 BHK plot for sale in Marathahalli, Bangalore. Area: 1891 sqft. Unfurnished. Floor 8/8. Age: 16 yrs. Amenities: clubhouse, garden, power backup."
plot,sale,3507000.0,1068,1,1,14,19,19,unfurnished,0,Electronic City,gym|clubhouse|swimming pool|garden,1 BHK Plot for Sale in Electronic City,"Beautiful 1 BHK plot for sale in Electronic City, Bangalore. Area: 1068 sqft. Unfurnished. Floor 14/19. Age: 19 yrs. Amenities: gym, clubhouse, swimming pool, garden."
apartment,sale,42897000.0,3823,2,2,5,13,3,unfurnished,1,Indiranagar,clubhouse|lift|garden|power backup|swimming pool,2 BHK Apartment for Sale in Indiranagar,"Beautiful 2 BHK apartment for sale in Indiranagar, Bangalore. Area: 3823 sqft. Unfurnished. Floor 5/13. Age: 3 yrs. Amenities: clubhouse, lift, garden, power backup, swimming pool."
house,sale,7118000.0,1009,3,3,13,13,12,furnished,0,Vijayanagar,swimming pool|garden|parking|lift|clubhouse,3 BHK House for Sale in Vijayanagar,"Beautiful 3 BHK house for sale in Vijayanagar, Bangalore. Area: 1009 sqft. Furnished. Floor 13/13. Age: 12 yrs. Amenities: swimming pool, garden, parking, lift, clubhouse."
house,sale,4780000.0,575,3,3,5,5,9,semi-furnished,2,Hebbal,power backup|swimming pool,3 BHK House for Sale in Hebbal,"Beautiful 3 BHK house for sale in Hebbal, Bangalore. Area: 575 sqft. Semi-Furnished. Floor 5/5. Age: 9 yrs. Amenities: power backup, swimming pool."
apartment,rent,50000.0,1671,1,1,11,11,10,furnished,0,HSR Layout,lift|power backup,1 BHK Apartment for Rent in HSR Layout,"Beautiful 1 BHK apartment for rent in HSR Layout, Bangalore. Area: 1671 sqft. Furnished. Floor 11/11. Age: 10 yrs. Amenities: lift, power backup."
apartment,sale,25723000.0,2746,1,1,1,8,10,furnished,1,BTM Layout,lift|garden|power backup,1 BHK Apartment for Sale in BTM Layout,"Beautiful 1 BHK apartment for sale in BTM Layout, Bangalore. Area: 2746 sqft. Furnished. Floor 1/8. Age: 10 yrs. Amenities: lift, garden, power backup."
house,sale,19625000.0,2766,2,2,12,19,13,unfurnished,1,JP Nagar,garden,2 BHK House for Sale in JP Nagar,"Beautiful 2 BHK house for sale in JP Nagar, Bangalore. Area: 2766 sqft. Unfurnished. Floor 12/19. Age: 13 yrs. Amenities: garden."
house,sale,16557000.0,3312,3,3,5,9,8,semi-furnished,2,Electronic City,gym|security|clubhouse|power backup|parking,3 BHK House for Sale in Electronic City,"Beautiful 3 BHK house for sale in Electronic City, Bangalore. Area: 3312 sqft. Semi-Furnished. Floor 5/9. Age: 8 yrs. Amenities: gym, security, clubhouse, power backup, parking."
villa,rent,21000.0,462,1,1,5,15,24,furnished,1,Malleswaram,swimming pool|garden|gym|lift|power backup,1 BHK Villa for Rent in Malleswaram,"Beautiful 1 BHK villa for rent in Malleswaram, Bangalore. Area: 462 sqft. Furnished. Floor 5/15. Age: 24 yrs. Amenities: swimming pool, garden, gym, lift, power backup."
villa,sale,8567000.0,1407,2,2,12,16,16,semi-furnished,0,Electronic City,gym|swimming pool,2 BHK Villa for Sale in Electronic City,"Beautiful 2 BHK villa for sale in Electronic City, Bangalore. Area: 1407 sqft. Semi-Furnished. Floor 12/16. Age: 16 yrs. Amenities: gym, swimming pool."
plot,sale,12566000.0,2088,3,3,4,16,19,furnished,0,HSR Layout,parking|garden|lift|power backup|gym,3 BHK Plot for Sale in HSR Layout,"Beautiful 3 BHK plot for sale in HSR Layout, Bangalore. Area: 2088 sqft. Furnished. Floor 4/16. Age: 19 yrs. Amenities: parking, garden, lift, power backup, gym."
apartment,sale,27840000.0,2994,3,3,6,11,8,semi-furnished,0,Basavanagudi,clubhouse|garden,3 BHK Apartment for Sale in Basavanagudi,"Beautiful 3 BHK apartment for sale in Basavanagudi, Bangalore. Area: 2994 sqft. Semi-Furnished. Floor 6/11. Age: 8 yrs. Amenities: clubhouse, garden."
villa,sale,6865000.0,894,3,3,6,18,16,unfurnished,0,BTM Layout,gym|parking,3 BHK Villa for Sale in BTM Layout,"Beautiful 3 BHK villa for sale in BTM Layout, Bangalore. Area: 894 sqft. Unfurnished. Floor 6/18. Age: 16 yrs. Amenities: gym, parking."
apartment,rent,32000.0,1033,3,3,9,11,3,semi-furnished,0,Basavanagudi,gym|lift,3 BHK Apartment for Rent in Basavanagudi,"Beautiful 3 BHK apartment for rent in Basavanagudi, Bangalore. Area: 1033 sqft. Semi-Furnished. Floor 9/11. Age: 3 yrs. Amenities: gym, lift."
plot,sale,14234000.0,3952,3,3,2,4,9,unfurnished,1,Bannerghatta Road,lift,3 BHK Plot for Sale in Bannerghatta Road,"Beautiful 3 BHK plot for sale in Bannerghatta Road, Bangalore. Area: 3952 sqft. Unfurnished. Floor 2/4. Age: 9 yrs. Amenities: lift."
plot,sale,25591000.0,3788,2,2,12,18,23,semi-furnished,0,Rajajinagar,security|clubhouse|power backup|lift|parking,2 BHK Plot for Sale in Rajajinagar,"Beautiful 2 BHK plot for sale in Rajajinagar, Bangalore. Area: 3788 sqft. Semi-Furnished. Floor 12/18. Age: 23 yrs. Amenities: security, clubhouse, power backup, lift, parking."
apartment,rent,42000.0,2188,1,1,2,16,20,unfurnished,1,Whitefield,swimming pool|parking|garden|power backup,1 BHK Apartment for Rent in Whitefield,"Beautiful 1 BHK apartment for rent in Whitefield, Bangalore. Area: 2188 sqft. Unfurnished. Floor 2/16. Age: 20 yrs. Amenities: swimming pool, parking, garden, power backup."
apartment,sale,12958000.0,1622,2,2,13,17,18,unfurnished,1,Rajajinagar,security,2 BHK Apartment for Sale in Rajajinagar,"Beautiful 2 BHK apartment for sale in Rajajinagar, Bangalore. Area: 1622 sqft. Unfurnished. Floor 13/17. Age: 18 yrs. Amenities: security."
plot,sale,25046000.0,2981,1,1,5,16,14,furnished,2,Malleswaram,parking|clubhouse|lift|swimming pool,1 BHK Plot for Sale in Malleswaram,"Beautiful 1 BHK plot for sale in Malleswaram, Bangalore. Area: 2981 sqft. Furnished. Floor 5/16. Age: 14 yrs. Amenities: parking, clubhouse, lift, swimming pool."
apartment,rent,70000.0,2770,1,1,2,4,21,semi-furnished,2,BTM Layout,clubhouse|gym|garden|swimming pool,1 BHK Apartment for Rent in BTM Layout,"Beautiful 1 BHK apartment for rent in BTM Layout, Bangalore. Area: 2770 sqft. Semi-Furnished. Floor 2/4. Age: 21 yrs. Amenities: clubhouse, gym, garden, swimming pool."
house,rent,16000.0,1070,2,2,11,12,23,unfurnished,0,Yelahanka,parking|garden|security|power backup,2 BHK House for Rent in Yelahanka,"Beautiful 2 BHK house for rent in Yelahanka, Bangalore. Area: 1070 sqft. Unfurnished. Floor 11/12. Age: 23 yrs. Amenities: parking, garden, security, power backup."
apartment,sale,16519000.0,3018,3,3,6,17,8,unfurnished,1,Hennur,power backup|clubhouse|lift|security|garden,3 BHK Apartment for Sale in Hennur,"Beautiful 3 BHK apartment for sale in Hennur, Bangalore. Area: 3018 sqft. Unfurnished. Floor 6/17. Age: 8 yrs. Amenities: power backup, clubhouse, lift, security, garden."
apartment,sale,23306000.0,2975,3,3,7,14,24,furnished,2,JP Nagar,garden|gym,3 BHK Apartment for Sale in JP Nagar,"Beautiful 3 BHK apartment for sale in JP Nagar, Bangalore. Area: 2975 sqft. Furnished. Floor 7/14. Age: 24 yrs. Amenities: garden, gym."
apartment,sale,30243000.0,3789,2,2,0,5,24,unfurnished,2,Koramangala,parking|swimming pool|lift,2 BHK Apartment for Sale in Koramangala,"Beautiful 2 BHK apartment for sale in Koramangala, Bangalore. Area: 3789 sqft. Unfurnished. Floor 0/5. Age: 24 yrs. Amenities: parking, swimming pool, lift."
house,sale,11917000.0,1630,3,3,3,8,23,semi-furnished,0,HSR Layout,clubhouse|swimming pool|parking|garden,3 BHK House for Sale in HSR Layout,"Beautiful 3 BHK house for sale in HSR Layout, Bangalore. Area: 1630 sqft. Semi-Furnished. Floor 3/8. Age: 23 yrs. Amenities: clubhouse, swimming pool, parking, garden."
